"0","library(tidyverse)
"
"2","Registered S3 methods overwritten by 'dbplyr':
  method         from
  print.tbl_lazy     
  print.tbl_sql      
"
"2","[37m-- [1mAttaching packages[22m ----------------------------------------------------------------------------------------------------------------- tidyverse 1.3.1 --[39m
"
"2","[37m[32mv[37m [34mtibble [37m 3.1.1     [32mv[37m [34mpurrr  [37m 0.3.4
[32mv[37m [34mtidyr  [37m 1.1.3     [32mv[37m [34mstringr[37m 1.4.0
[32mv[37m [34mreadr  [37m 1.4.0     [32mv[37m [34mforcats[37m 0.5.1[39m
"
"2","[37m-- [1mConflicts[22m -------------------------------------------------------------------------------------------------------------------- tidyverse_conflicts() --
[31mx[37m [34mlubridate[37m::[32mas.difftime()[37m masks [34mbase[37m::as.difftime()
[31mx[37m [34mgridExtra[37m::[32mcombine()[37m     masks [34mdplyr[37m::combine()
[31mx[37m [34mlubridate[37m::[32mdate()[37m        masks [34mbase[37m::date()
[31mx[37m [34mdplyr[37m::[32mfilter()[37m          masks [34mstats[37m::filter()
[31mx[37m [34mlubridate[37m::[32mintersect()[37m   masks [34mbase[37m::intersect()
[31mx[37m [34mdplyr[37m::[32mlag()[37m             masks [34mstats[37m::lag()
[31mx[37m [34mlubridate[37m::[32msetdiff()[37m     masks [34mbase[37m::setdiff()
[31mx[37m [34mlubridate[37m::[32munion()[37m       masks [34mbase[37m::union()[39m
"
